DELETE FROM REVIEWS;
DELETE FROM MENUS;
DELETE FROM ORDERS;
DELETE FROM CUSTOMERS;
DELETE FROM OWNERS;

SET DEFINE OFF;

Insert into BD.OWNERS (CORP_NUM,PASSWORD,STORE_NAME,STORE_VALUE,TIME_OPEN,TIME_CLOSE) values (4730901651,'123','유부댕댕',5,10,22);
Insert into BD.OWNERS (CORP_NUM,PASSWORD,STORE_NAME,STORE_VALUE,TIME_OPEN,TIME_CLOSE) values (3642400875,'123','쑝쑝돈까스',5,10,20);
Insert into BD.OWNERS (CORP_NUM,PASSWORD,STORE_NAME,STORE_VALUE,TIME_OPEN,TIME_CLOSE) values (5361800732,'123','스시201',5,11,21);
Insert into BD.OWNERS (CORP_NUM,PASSWORD,STORE_NAME,STORE_VALUE,TIME_OPEN,TIME_CLOSE) values (5663100391,'123','한결같은식당 가정식&스시',5,11,20);
Insert into BD.OWNERS (CORP_NUM,PASSWORD,STORE_NAME,STORE_VALUE,TIME_OPEN,TIME_CLOSE) values (3902601090,'123','카츠현',5,11,21);
Insert into BD.OWNERS (CORP_NUM,PASSWORD,STORE_NAME,STORE_VALUE,TIME_OPEN,TIME_CLOSE) values (4562500768,'123','신따로스시',5,11,22);
Insert into BD.OWNERS (CORP_NUM,PASSWORD,STORE_NAME,STORE_VALUE,TIME_OPEN,TIME_CLOSE) values (7202800374,'123','마이카츠',5,14,20);
Insert into BD.OWNERS (CORP_NUM,PASSWORD,STORE_NAME,STORE_VALUE,TIME_OPEN,TIME_CLOSE) values (1491100956,'123','아키바돈까스 With카레',5,9,1);
Insert into BD.OWNERS (CORP_NUM,PASSWORD,STORE_NAME,STORE_VALUE,TIME_OPEN,TIME_CLOSE) values (1082593994,'123','별이빛나는 연어육회',5,10,3);
Insert into BD.OWNERS (CORP_NUM,PASSWORD,STORE_NAME,STORE_VALUE,TIME_OPEN,TIME_CLOSE) values (7121700834,'123','황금돈까스 앤 비빔냉면',5,9,20);
Insert into BD.OWNERS (CORP_NUM,PASSWORD,STORE_NAME,STORE_VALUE,TIME_OPEN,TIME_CLOSE) values (1475200481,'123','돈까스대표맛집 돈수르',5,10,2);
Insert into BD.OWNERS (CORP_NUM,PASSWORD,STORE_NAME,STORE_VALUE,TIME_OPEN,TIME_CLOSE) values (7512700328,'123','초밥집',5,10,20);
Insert into BD.OWNERS (CORP_NUM,PASSWORD,STORE_NAME,STORE_VALUE,TIME_OPEN,TIME_CLOSE) values (5142528266,'123','수쉐프치즈듬뿍돈카츠',5,10,23);
Insert into BD.OWNERS (CORP_NUM,PASSWORD,STORE_NAME,STORE_VALUE,TIME_OPEN,TIME_CLOSE) values (8077900367,'123','햐쿠 수제돈까스&파스타',5,7,3);
Insert into BD.OWNERS (CORP_NUM,PASSWORD,STORE_NAME,STORE_VALUE,TIME_OPEN,TIME_CLOSE) values (3360402259,'123','최강회수산포장배달&대구물회전문점',5,11,24);
Insert into BD.OWNERS (CORP_NUM,PASSWORD,STORE_NAME,STORE_VALUE,TIME_OPEN,TIME_CLOSE) values (5219800163,'123','서민회도매',5,11,3);
Insert into BD.OWNERS (CORP_NUM,PASSWORD,STORE_NAME,STORE_VALUE,TIME_OPEN,TIME_CLOSE) values (8183000825,'123','도마29',5,10,20);
Insert into BD.OWNERS (CORP_NUM,PASSWORD,STORE_NAME,STORE_VALUE,TIME_OPEN,TIME_CLOSE) values (1163900907,'123','육회왕자 연어공주',5,11,24);
Insert into BD.OWNERS (CORP_NUM,PASSWORD,STORE_NAME,STORE_VALUE,TIME_OPEN,TIME_CLOSE) values (1853201145,'123','네모유부',5,10,20);
Insert into BD.OWNERS (CORP_NUM,PASSWORD,STORE_NAME,STORE_VALUE,TIME_OPEN,TIME_CLOSE) values (3371901669,'123','난바우동',5,10,22);
Insert into BD.OWNERS (CORP_NUM,PASSWORD,STORE_NAME,STORE_VALUE,TIME_OPEN,TIME_CLOSE) values (4776800307,'123','스시오마카세',5,11,23);
Insert into BD.OWNERS (CORP_NUM,PASSWORD,STORE_NAME,STORE_VALUE,TIME_OPEN,TIME_CLOSE) values (4595200574,'123','야미네코스시',5,11,21);
Insert into BD.OWNERS (CORP_NUM,PASSWORD,STORE_NAME,STORE_VALUE,TIME_OPEN,TIME_CLOSE) values (7480702190,'123','강선장 산오징어&활어회&물회',5,16,6);
Insert into BD.OWNERS (CORP_NUM,PASSWORD,STORE_NAME,STORE_VALUE,TIME_OPEN,TIME_CLOSE) values (5146300445,'123','회킬러를 위한 배달횟집',5,15,1);
Insert into BD.OWNERS (CORP_NUM,PASSWORD,STORE_NAME,STORE_VALUE,TIME_OPEN,TIME_CLOSE) values (5041494424,'123','최고봉 초밥',5,16,24);
Insert into BD.OWNERS (CORP_NUM,PASSWORD,STORE_NAME,STORE_VALUE,TIME_OPEN,TIME_CLOSE) values (1740200867,'123','키햐아',5,11,20);
Insert into BD.OWNERS (CORP_NUM,PASSWORD,STORE_NAME,STORE_VALUE,TIME_OPEN,TIME_CLOSE) values (7444200449,'123','찬이네횟집&물회',5,11,24);
Insert into BD.OWNERS (CORP_NUM,PASSWORD,STORE_NAME,STORE_VALUE,TIME_OPEN,TIME_CLOSE) values (4604300849,'123','덮빠 덮밥에빠지다',5,11,20);
Insert into BD.OWNERS (CORP_NUM,PASSWORD,STORE_NAME,STORE_VALUE,TIME_OPEN,TIME_CLOSE) values (6711401152,'123','배터지는 생동까스',5,11,23);
Insert into BD.OWNERS (CORP_NUM,PASSWORD,STORE_NAME,STORE_VALUE,TIME_OPEN,TIME_CLOSE) values (2981201332,'123','마라루마라탕&마라샹궈',0,10,24);
Insert into BD.OWNERS (CORP_NUM,PASSWORD,STORE_NAME,STORE_VALUE,TIME_OPEN,TIME_CLOSE) values (3034400524,'123','황궁쟁반짜장',0,9,7);
Insert into BD.OWNERS (CORP_NUM,PASSWORD,STORE_NAME,STORE_VALUE,TIME_OPEN,TIME_CLOSE) values (4050952268,'123','황금성',0,9,23);
Insert into BD.OWNERS (CORP_NUM,PASSWORD,STORE_NAME,STORE_VALUE,TIME_OPEN,TIME_CLOSE) values (6690801309,'123','신라짬뽕',0,9,20);
Insert into BD.OWNERS (CORP_NUM,PASSWORD,STORE_NAME,STORE_VALUE,TIME_OPEN,TIME_CLOSE) values (3243600619,'123','전설의풍운각',0,9,20);
Insert into BD.OWNERS (CORP_NUM,PASSWORD,STORE_NAME,STORE_VALUE,TIME_OPEN,TIME_CLOSE) values (2387200408,'123','천안문',0,9,7);
Insert into BD.OWNERS (CORP_NUM,PASSWORD,STORE_NAME,STORE_VALUE,TIME_OPEN,TIME_CLOSE) values (2991301254,'123','띵호와왕서방',0,9,20);
Insert into BD.OWNERS (CORP_NUM,PASSWORD,STORE_NAME,STORE_VALUE,TIME_OPEN,TIME_CLOSE) values (4644500559,'123','완뽕',0,9,23);
Insert into BD.OWNERS (CORP_NUM,PASSWORD,STORE_NAME,STORE_VALUE,TIME_OPEN,TIME_CLOSE) values (5140154827,'123','회성각',0,11,20);
Insert into BD.OWNERS (CORP_NUM,PASSWORD,STORE_NAME,STORE_VALUE,TIME_OPEN,TIME_CLOSE) values (6542201318,'123','마라하오',0,11,2);
Insert into BD.OWNERS (CORP_NUM,PASSWORD,STORE_NAME,STORE_VALUE,TIME_OPEN,TIME_CLOSE) values (8720702208,'123','권사부',0,10,20);
Insert into BD.OWNERS (CORP_NUM,PASSWORD,STORE_NAME,STORE_VALUE,TIME_OPEN,TIME_CLOSE) values (6481901481,'123','돈짬뽕',0,10,21);
Insert into BD.OWNERS (CORP_NUM,PASSWORD,STORE_NAME,STORE_VALUE,TIME_OPEN,TIME_CLOSE) values (8133000683,'123','마차이짬뽕',0,10,22);
Insert into BD.OWNERS (CORP_NUM,PASSWORD,STORE_NAME,STORE_VALUE,TIME_OPEN,TIME_CLOSE) values (4511401349,'123','히야짬뽕',0,9,20);
Insert into BD.OWNERS (CORP_NUM,PASSWORD,STORE_NAME,STORE_VALUE,TIME_OPEN,TIME_CLOSE) values (4064800194,'123','덕영반점',0,8,20);
Insert into BD.OWNERS (CORP_NUM,PASSWORD,STORE_NAME,STORE_VALUE,TIME_OPEN,TIME_CLOSE) values (2247400325,'123','짬뽕을잘아는남자',0,10,20);
Insert into BD.OWNERS (CORP_NUM,PASSWORD,STORE_NAME,STORE_VALUE,TIME_OPEN,TIME_CLOSE) values (1072795334,'123','친친반점',0,10,1);
Insert into BD.OWNERS (CORP_NUM,PASSWORD,STORE_NAME,STORE_VALUE,TIME_OPEN,TIME_CLOSE) values (8575600169,'123','상하이 짬뽕',0,11,20);
Insert into BD.OWNERS (CORP_NUM,PASSWORD,STORE_NAME,STORE_VALUE,TIME_OPEN,TIME_CLOSE) values (5013623484,'123','리안',0,11,21);
Insert into BD.OWNERS (CORP_NUM,PASSWORD,STORE_NAME,STORE_VALUE,TIME_OPEN,TIME_CLOSE) values (2243001000,'123','브라더탕수 생안심탕수육',0,11,24);
Insert into BD.OWNERS (CORP_NUM,PASSWORD,STORE_NAME,STORE_VALUE,TIME_OPEN,TIME_CLOSE) values (2115960867,'123','뽕실장 짬뽕전문점',0,10,20);
Insert into BD.OWNERS (CORP_NUM,PASSWORD,STORE_NAME,STORE_VALUE,TIME_OPEN,TIME_CLOSE) values (5014315323,'123','우리집탕수육',0,13,3);
Insert into BD.OWNERS (CORP_NUM,PASSWORD,STORE_NAME,STORE_VALUE,TIME_OPEN,TIME_CLOSE) values (3410501851,'123','칭칭',0,9,20);
Insert into BD.OWNERS (CORP_NUM,PASSWORD,STORE_NAME,STORE_VALUE,TIME_OPEN,TIME_CLOSE) values (2044262914,'123','영광반점',0,10,23);
Insert into BD.OWNERS (CORP_NUM,PASSWORD,STORE_NAME,STORE_VALUE,TIME_OPEN,TIME_CLOSE) values (8650301483,'123','중화선생',0,11,23);
Insert into BD.OWNERS (CORP_NUM,PASSWORD,STORE_NAME,STORE_VALUE,TIME_OPEN,TIME_CLOSE) values (8112701105,'123','치치마라탕',0,11,22);
Insert into BD.OWNERS (CORP_NUM,PASSWORD,STORE_NAME,STORE_VALUE,TIME_OPEN,TIME_CLOSE) values (2031515839,'123','취홍',0,11,21);
Insert into BD.OWNERS (CORP_NUM,PASSWORD,STORE_NAME,STORE_VALUE,TIME_OPEN,TIME_CLOSE) values (3560401894,'123','골목짬뽕',0,13,22);
Insert into BD.OWNERS (CORP_NUM,PASSWORD,STORE_NAME,STORE_VALUE,TIME_OPEN,TIME_CLOSE) values (1574200908,'123','영주반점',0,10,20);
Insert into BD.OWNERS (CORP_NUM,PASSWORD,STORE_NAME,STORE_VALUE,TIME_OPEN,TIME_CLOSE) values (2081593387,'123','목난 중식당',0,17,7);
Insert into BD.OWNERS (CORP_NUM,PASSWORD,STORE_NAME,STORE_VALUE,TIME_OPEN,TIME_CLOSE) values (4302701167,'123','갓튀긴후라이드',3,12,2);
Insert into BD.OWNERS (CORP_NUM,PASSWORD,STORE_NAME,STORE_VALUE,TIME_OPEN,TIME_CLOSE) values (5535100414,'123','BBQ',3,9,4);
Insert into BD.OWNERS (CORP_NUM,PASSWORD,STORE_NAME,STORE_VALUE,TIME_OPEN,TIME_CLOSE) values (1213098225,'123','후라이드참잘하는집',3,11,1);
Insert into BD.OWNERS (CORP_NUM,PASSWORD,STORE_NAME,STORE_VALUE,TIME_OPEN,TIME_CLOSE) values (5380102475,'123','푸라닭',3,11,2);
Insert into BD.OWNERS (CORP_NUM,PASSWORD,STORE_NAME,STORE_VALUE,TIME_OPEN,TIME_CLOSE) values (7853601093,'123','BHC',3,11,24);
Insert into BD.OWNERS (CORP_NUM,PASSWORD,STORE_NAME,STORE_VALUE,TIME_OPEN,TIME_CLOSE) values (6772001452,'123','혁계치킨',3,11,3);
Insert into BD.OWNERS (CORP_NUM,PASSWORD,STORE_NAME,STORE_VALUE,TIME_OPEN,TIME_CLOSE) values (8780901410,'123','피자나라치킨공주',3,11,24);
Insert into BD.OWNERS (CORP_NUM,PASSWORD,STORE_NAME,STORE_VALUE,TIME_OPEN,TIME_CLOSE) values (6720402344,'123','굽네치킨',3,11,3);
Insert into BD.OWNERS (CORP_NUM,PASSWORD,STORE_NAME,STORE_VALUE,TIME_OPEN,TIME_CLOSE) values (5142696529,'123','땅땅치킨',3,10,1);
Insert into BD.OWNERS (CORP_NUM,PASSWORD,STORE_NAME,STORE_VALUE,TIME_OPEN,TIME_CLOSE) values (5960501145,'123','교촌치킨',3,11,24);
Insert into BD.OWNERS (CORP_NUM,PASSWORD,STORE_NAME,STORE_VALUE,TIME_OPEN,TIME_CLOSE) values (8491000608,'123','지코바치킨',3,12,24);
Insert into BD.OWNERS (CORP_NUM,PASSWORD,STORE_NAME,STORE_VALUE,TIME_OPEN,TIME_CLOSE) values (3840202517,'123','처갓집양념치킨',3,9,1);
Insert into BD.OWNERS (CORP_NUM,PASSWORD,STORE_NAME,STORE_VALUE,TIME_OPEN,TIME_CLOSE) values (4865300398,'123','국민마늘치킨',3,12,2);
Insert into BD.OWNERS (CORP_NUM,PASSWORD,STORE_NAME,STORE_VALUE,TIME_OPEN,TIME_CLOSE) values (6150320959,'123','페리카나',3,10,23);
Insert into BD.OWNERS (CORP_NUM,PASSWORD,STORE_NAME,STORE_VALUE,TIME_OPEN,TIME_CLOSE) values (3236100113,'123','호식이두마리치킨',3,11,23);
Insert into BD.OWNERS (CORP_NUM,PASSWORD,STORE_NAME,STORE_VALUE,TIME_OPEN,TIME_CLOSE) values (1377400263,'123','노랑통닭',3,14,23);
Insert into BD.OWNERS (CORP_NUM,PASSWORD,STORE_NAME,STORE_VALUE,TIME_OPEN,TIME_CLOSE) values (5751501813,'123','자담치킨',3,15,24);
Insert into BD.OWNERS (CORP_NUM,PASSWORD,STORE_NAME,STORE_VALUE,TIME_OPEN,TIME_CLOSE) values (5141197785,'123','네네치킨',3,11,24);
Insert into BD.OWNERS (CORP_NUM,PASSWORD,STORE_NAME,STORE_VALUE,TIME_OPEN,TIME_CLOSE) values (1480501024,'123','60계치킨',3,14,23);
Insert into BD.OWNERS (CORP_NUM,PASSWORD,STORE_NAME,STORE_VALUE,TIME_OPEN,TIME_CLOSE) values (5392900080,'123','대구통닭',3,16,24);
Insert into BD.OWNERS (CORP_NUM,PASSWORD,STORE_NAME,STORE_VALUE,TIME_OPEN,TIME_CLOSE) values (2288601561,'123','읍천리',9,8,24);
Insert into BD.OWNERS (CORP_NUM,PASSWORD,STORE_NAME,STORE_VALUE,TIME_OPEN,TIME_CLOSE) values (8643700958,'123','장미카페',9,10,23);
Insert into BD.OWNERS (CORP_NUM,PASSWORD,STORE_NAME,STORE_VALUE,TIME_OPEN,TIME_CLOSE) values (6890202498,'123','마실커피',9,10,1);
Insert into BD.OWNERS (CORP_NUM,PASSWORD,STORE_NAME,STORE_VALUE,TIME_OPEN,TIME_CLOSE) values (6740302101,'123','헤이트먼데이',9,10,22);
Insert into BD.OWNERS (CORP_NUM,PASSWORD,STORE_NAME,STORE_VALUE,TIME_OPEN,TIME_CLOSE) values (5090751951,'123','브루클린 샐러드',9,10,20);
Insert into BD.OWNERS (CORP_NUM,PASSWORD,STORE_NAME,STORE_VALUE,TIME_OPEN,TIME_CLOSE) values (1488601339,'123','THREEUP 쓰리업',9,0,24);
Insert into BD.OWNERS (CORP_NUM,PASSWORD,STORE_NAME,STORE_VALUE,TIME_OPEN,TIME_CLOSE) values (6391401672,'123','동네커피',9,8,22);
Insert into BD.OWNERS (CORP_NUM,PASSWORD,STORE_NAME,STORE_VALUE,TIME_OPEN,TIME_CLOSE) values (7500901714,'123','벌컥커피',9,8,23);
Insert into BD.OWNERS (CORP_NUM,PASSWORD,STORE_NAME,STORE_VALUE,TIME_OPEN,TIME_CLOSE) values (4152101550,'123','1L맥스커피',9,12,1);
Insert into BD.OWNERS (CORP_NUM,PASSWORD,STORE_NAME,STORE_VALUE,TIME_OPEN,TIME_CLOSE) values (8572801199,'123','스톡홀름샐러드',9,10,21);
Insert into BD.OWNERS (CORP_NUM,PASSWORD,STORE_NAME,STORE_VALUE,TIME_OPEN,TIME_CLOSE) values (2391501805,'123','요있찌(YOITZZY)',9,0,24);
Insert into BD.OWNERS (CORP_NUM,PASSWORD,STORE_NAME,STORE_VALUE,TIME_OPEN,TIME_CLOSE) values (7690702289,'123','공차',9,9,22);
Insert into BD.OWNERS (CORP_NUM,PASSWORD,STORE_NAME,STORE_VALUE,TIME_OPEN,TIME_CLOSE) values (3074000998,'123','빙수를 품은 달인',9,14,1);
Insert into BD.OWNERS (CORP_NUM,PASSWORD,STORE_NAME,STORE_VALUE,TIME_OPEN,TIME_CLOSE) values (5405500250,'123','카페 점보',9,11,24);
Insert into BD.OWNERS (CORP_NUM,PASSWORD,STORE_NAME,STORE_VALUE,TIME_OPEN,TIME_CLOSE) values (7831100998,'123','청솔로9',9,8,23);
Insert into BD.OWNERS (CORP_NUM,PASSWORD,STORE_NAME,STORE_VALUE,TIME_OPEN,TIME_CLOSE) values (5142683077,'123','설빙',9,12,23);
Insert into BD.OWNERS (CORP_NUM,PASSWORD,STORE_NAME,STORE_VALUE,TIME_OPEN,TIME_CLOSE) values (6037100492,'123','디어스윗',9,11,20);
Insert into BD.OWNERS (CORP_NUM,PASSWORD,STORE_NAME,STORE_VALUE,TIME_OPEN,TIME_CLOSE) values (7840102592,'123','쌍도커피',9,11,3);
Insert into BD.OWNERS (CORP_NUM,PASSWORD,STORE_NAME,STORE_VALUE,TIME_OPEN,TIME_CLOSE) values (4194600594,'123','몰타',9,10,1);
Insert into BD.OWNERS (CORP_NUM,PASSWORD,STORE_NAME,STORE_VALUE,TIME_OPEN,TIME_CLOSE) values (6763400665,'123','레프트뱅크',9,8,21);
Insert into BD.OWNERS (CORP_NUM,PASSWORD,STORE_NAME,STORE_VALUE,TIME_OPEN,TIME_CLOSE) values (4291501034,'123','카페 봄봄',9,10,21);
Insert into BD.OWNERS (CORP_NUM,PASSWORD,STORE_NAME,STORE_VALUE,TIME_OPEN,TIME_CLOSE) values (1935600560,'123','카페051',9,9,21);
Insert into BD.OWNERS (CORP_NUM,PASSWORD,STORE_NAME,STORE_VALUE,TIME_OPEN,TIME_CLOSE) values (4373501106,'123','짹슨커피',9,8,22);
Insert into BD.OWNERS (CORP_NUM,PASSWORD,STORE_NAME,STORE_VALUE,TIME_OPEN,TIME_CLOSE) values (4140422574,'123','워크업커피',9,8,20);
Insert into BD.OWNERS (CORP_NUM,PASSWORD,STORE_NAME,STORE_VALUE,TIME_OPEN,TIME_CLOSE) values (4423700888,'123','반할커피',9,8,24);
Insert into BD.OWNERS (CORP_NUM,PASSWORD,STORE_NAME,STORE_VALUE,TIME_OPEN,TIME_CLOSE) values (6077500283,'123','카페보스',9,15,3);
Insert into BD.OWNERS (CORP_NUM,PASSWORD,STORE_NAME,STORE_VALUE,TIME_OPEN,TIME_CLOSE) values (2467500318,'123','체크리스트 Coffee&Gelato',9,17,4);
Insert into BD.OWNERS (CORP_NUM,PASSWORD,STORE_NAME,STORE_VALUE,TIME_OPEN,TIME_CLOSE) values (4221601710,'123','푸룻트리 과일도시락',9,11,2);
Insert into BD.OWNERS (CORP_NUM,PASSWORD,STORE_NAME,STORE_VALUE,TIME_OPEN,TIME_CLOSE) values (8220801778,'123','응급실국물떡볶이',2,10,23);
Insert into BD.OWNERS (CORP_NUM,PASSWORD,STORE_NAME,STORE_VALUE,TIME_OPEN,TIME_CLOSE) values (1121361479,'123','신불떡볶이',2,11,23);
Insert into BD.OWNERS (CORP_NUM,PASSWORD,STORE_NAME,STORE_VALUE,TIME_OPEN,TIME_CLOSE) values (2700302442,'123','배떡',2,11,1);
Insert into BD.OWNERS (CORP_NUM,PASSWORD,STORE_NAME,STORE_VALUE,TIME_OPEN,TIME_CLOSE) values (2960301407,'123','예니 김밥',2,7,20);
Insert into BD.OWNERS (CORP_NUM,PASSWORD,STORE_NAME,STORE_VALUE,TIME_OPEN,TIME_CLOSE) values (2021249596,'123','신떡',2,11,23);
Insert into BD.OWNERS (CORP_NUM,PASSWORD,STORE_NAME,STORE_VALUE,TIME_OPEN,TIME_CLOSE) values (4790901737,'123','이친절김파사',2,8,20);
Insert into BD.OWNERS (CORP_NUM,PASSWORD,STORE_NAME,STORE_VALUE,TIME_OPEN,TIME_CLOSE) values (1511401003,'123','신참떡볶이',2,11,1);
Insert into BD.OWNERS (CORP_NUM,PASSWORD,STORE_NAME,STORE_VALUE,TIME_OPEN,TIME_CLOSE) values (8631600718,'123','일곱가지 분식',2,10,1);
Insert into BD.OWNERS (CORP_NUM,PASSWORD,STORE_NAME,STORE_VALUE,TIME_OPEN,TIME_CLOSE) values (5604500880,'123','윤옥연할매떡볶이',2,11,22);
Insert into BD.OWNERS (CORP_NUM,PASSWORD,STORE_NAME,STORE_VALUE,TIME_OPEN,TIME_CLOSE) values (5931900294,'123','이웃집소녀떡볶이',2,11,22);
Insert into BD.OWNERS (CORP_NUM,PASSWORD,STORE_NAME,STORE_VALUE,TIME_OPEN,TIME_CLOSE) values (1144400619,'123','지산동아저씨떡볶이',2,10,20);
Insert into BD.OWNERS (CORP_NUM,PASSWORD,STORE_NAME,STORE_VALUE,TIME_OPEN,TIME_CLOSE) values (1313900323,'123','빨봉분식',2,11,22);
Insert into BD.OWNERS (CORP_NUM,PASSWORD,STORE_NAME,STORE_VALUE,TIME_OPEN,TIME_CLOSE) values (6942901300,'123','빨간지붕',2,11,20);
Insert into BD.OWNERS (CORP_NUM,PASSWORD,STORE_NAME,STORE_VALUE,TIME_OPEN,TIME_CLOSE) values (7178501157,'123','앞산분식',2,10,22);
Insert into BD.OWNERS (CORP_NUM,PASSWORD,STORE_NAME,STORE_VALUE,TIME_OPEN,TIME_CLOSE) values (5142332989,'123','신전떡볶이',2,10,2);
Insert into BD.OWNERS (CORP_NUM,PASSWORD,STORE_NAME,STORE_VALUE,TIME_OPEN,TIME_CLOSE) values (7877600363,'123','삼첩분식',2,11,22);
Insert into BD.OWNERS (CORP_NUM,PASSWORD,STORE_NAME,STORE_VALUE,TIME_OPEN,TIME_CLOSE) values (5142602491,'123','반올림피자샵',4,12,23);
Insert into BD.OWNERS (CORP_NUM,PASSWORD,STORE_NAME,STORE_VALUE,TIME_OPEN,TIME_CLOSE) values (1640502253,'123','폭풍토핑 피자스톰',4,11,1);
Insert into BD.OWNERS (CORP_NUM,PASSWORD,STORE_NAME,STORE_VALUE,TIME_OPEN,TIME_CLOSE) values (2911701068,'123','엘리펀트피자',4,12,1);
Insert into BD.OWNERS (CORP_NUM,PASSWORD,STORE_NAME,STORE_VALUE,TIME_OPEN,TIME_CLOSE) values (7831901163,'123','피자에땅',4,10,24);
Insert into BD.OWNERS (CORP_NUM,PASSWORD,STORE_NAME,STORE_VALUE,TIME_OPEN,TIME_CLOSE) values (3031970936,'123','프레드피자',4,11,4);
Insert into BD.OWNERS (CORP_NUM,PASSWORD,STORE_NAME,STORE_VALUE,TIME_OPEN,TIME_CLOSE) values (6011120106,'123','피자닷',4,10,23);
Insert into BD.OWNERS (CORP_NUM,PASSWORD,STORE_NAME,STORE_VALUE,TIME_OPEN,TIME_CLOSE) values (5141344661,'123','황은주피자',4,11,24);
Insert into BD.OWNERS (CORP_NUM,PASSWORD,STORE_NAME,STORE_VALUE,TIME_OPEN,TIME_CLOSE) values (1546500534,'123','빅스타피자',4,11,1);
Insert into BD.OWNERS (CORP_NUM,PASSWORD,STORE_NAME,STORE_VALUE,TIME_OPEN,TIME_CLOSE) values (7713900892,'123','유로코피자',4,10,24);
Insert into BD.OWNERS (CORP_NUM,PASSWORD,STORE_NAME,STORE_VALUE,TIME_OPEN,TIME_CLOSE) values (2564600090,'123','네오피자',4,11,2);
Insert into BD.OWNERS (CORP_NUM,PASSWORD,STORE_NAME,STORE_VALUE,TIME_OPEN,TIME_CLOSE) values (3570701734,'123','7번가피자',4,11,22);
Insert into BD.OWNERS (CORP_NUM,PASSWORD,STORE_NAME,STORE_VALUE,TIME_OPEN,TIME_CLOSE) values (3081320481,'123','크루피자',4,12,3);
Insert into BD.OWNERS (CORP_NUM,PASSWORD,STORE_NAME,STORE_VALUE,TIME_OPEN,TIME_CLOSE) values (4496200090,'123','봉덕동이태리피자',4,11,23);
Insert into BD.OWNERS (CORP_NUM,PASSWORD,STORE_NAME,STORE_VALUE,TIME_OPEN,TIME_CLOSE) values (5142302525,'123','이태리부뚜막',4,11,20);
Insert into BD.OWNERS (CORP_NUM,PASSWORD,STORE_NAME,STORE_VALUE,TIME_OPEN,TIME_CLOSE) values (5834100264,'123','피자헛',4,11,22);
Insert into BD.OWNERS (CORP_NUM,PASSWORD,STORE_NAME,STORE_VALUE,TIME_OPEN,TIME_CLOSE) values (1284300019,'123','꿀빵 피자',4,12,21);
Insert into BD.OWNERS (CORP_NUM,PASSWORD,STORE_NAME,STORE_VALUE,TIME_OPEN,TIME_CLOSE) values (6153700676,'123','청년피자',4,11,23);
Insert into BD.OWNERS (CORP_NUM,PASSWORD,STORE_NAME,STORE_VALUE,TIME_OPEN,TIME_CLOSE) values (6611601090,'123','토핑주의보',4,13,3);
Insert into BD.OWNERS (CORP_NUM,PASSWORD,STORE_NAME,STORE_VALUE,TIME_OPEN,TIME_CLOSE) values (3700901934,'123','서민피자',4,17,3);
Insert into BD.OWNERS (CORP_NUM,PASSWORD,STORE_NAME,STORE_VALUE,TIME_OPEN,TIME_CLOSE) values (1488601349,'123','파스토보이',6,0,24);
Insert into BD.OWNERS (CORP_NUM,PASSWORD,STORE_NAME,STORE_VALUE,TIME_OPEN,TIME_CLOSE) values (7622601219,'123','파스타입니다',6,10,24);
Insert into BD.OWNERS (CORP_NUM,PASSWORD,STORE_NAME,STORE_VALUE,TIME_OPEN,TIME_CLOSE) values (8211001647,'123','투가이즈 다니잉 스테이크',6,11,21);
Insert into BD.OWNERS (CORP_NUM,PASSWORD,STORE_NAME,STORE_VALUE,TIME_OPEN,TIME_CLOSE) values (7723900750,'123','수파게티',6,10,22);
Insert into BD.OWNERS (CORP_NUM,PASSWORD,STORE_NAME,STORE_VALUE,TIME_OPEN,TIME_CLOSE) values (6113700301,'123','샐러드밥',6,10,20);
Insert into BD.OWNERS (CORP_NUM,PASSWORD,STORE_NAME,STORE_VALUE,TIME_OPEN,TIME_CLOSE) values (6850701997,'123','시드니퐁립',6,11,1);
Insert into BD.OWNERS (CORP_NUM,PASSWORD,STORE_NAME,STORE_VALUE,TIME_OPEN,TIME_CLOSE) values (5041259097,'123','봉대박 스파게티',6,11,21);
Insert into BD.OWNERS (CORP_NUM,PASSWORD,STORE_NAME,STORE_VALUE,TIME_OPEN,TIME_CLOSE) values (5546700403,'123','잇츠파스타',6,10,2);
Insert into BD.OWNERS (CORP_NUM,PASSWORD,STORE_NAME,STORE_VALUE,TIME_OPEN,TIME_CLOSE) values (4182301422,'123','더밀',6,10,19);
Insert into BD.OWNERS (CORP_NUM,PASSWORD,STORE_NAME,STORE_VALUE,TIME_OPEN,TIME_CLOSE) values (5560402305,'123','파스타1993',6,10,22);
Insert into BD.OWNERS (CORP_NUM,PASSWORD,STORE_NAME,STORE_VALUE,TIME_OPEN,TIME_CLOSE) values (1670701562,'123','1.5배이태리',6,10,24);
Insert into BD.OWNERS (CORP_NUM,PASSWORD,STORE_NAME,STORE_VALUE,TIME_OPEN,TIME_CLOSE) values (7610701592,'123','스테이크연구소',6,11,21);
Insert into BD.OWNERS (CORP_NUM,PASSWORD,STORE_NAME,STORE_VALUE,TIME_OPEN,TIME_CLOSE) values (5142283690,'123','쌤스토리',6,10,21);
Insert into BD.OWNERS (CORP_NUM,PASSWORD,STORE_NAME,STORE_VALUE,TIME_OPEN,TIME_CLOSE) values (7214200558,'123','구봉구 파스타&필라프',6,11,22);
Insert into BD.OWNERS (CORP_NUM,PASSWORD,STORE_NAME,STORE_VALUE,TIME_OPEN,TIME_CLOSE) values (5043138550,'123','로벤',6,11,21);
Insert into BD.OWNERS (CORP_NUM,PASSWORD,STORE_NAME,STORE_VALUE,TIME_OPEN,TIME_CLOSE) values (7371501876,'123','그라지에 파스타',6,0,24);
Insert into BD.OWNERS (CORP_NUM,PASSWORD,STORE_NAME,STORE_VALUE,TIME_OPEN,TIME_CLOSE) values (5142441390,'123','호어모아',6,11,21);
Insert into BD.OWNERS (CORP_NUM,PASSWORD,STORE_NAME,STORE_VALUE,TIME_OPEN,TIME_CLOSE) values (6621300661,'123','앞산주택',6,10,20);
Insert into BD.OWNERS (CORP_NUM,PASSWORD,STORE_NAME,STORE_VALUE,TIME_OPEN,TIME_CLOSE) values (3285400110,'123','벨로이태리',6,11,22);
Insert into BD.OWNERS (CORP_NUM,PASSWORD,STORE_NAME,STORE_VALUE,TIME_OPEN,TIME_CLOSE) values (4830301262,'123','에펠탑 맞은편 기사식당',6,17,7);
Insert into BD.OWNERS (CORP_NUM,PASSWORD,STORE_NAME,STORE_VALUE,TIME_OPEN,TIME_CLOSE) values (5071274874,'123','쉐프주니',6,11,22);
Insert into BD.OWNERS (CORP_NUM,PASSWORD,STORE_NAME,STORE_VALUE,TIME_OPEN,TIME_CLOSE) values (6590900883,'123','파스토랑 철가방',6,17,4);
Insert into BD.OWNERS (CORP_NUM,PASSWORD,STORE_NAME,STORE_VALUE,TIME_OPEN,TIME_CLOSE) values (5142184504,'123','롯데리아',7,9,23);
Insert into BD.OWNERS (CORP_NUM,PASSWORD,STORE_NAME,STORE_VALUE,TIME_OPEN,TIME_CLOSE) values (5210301453,'123','버거킹',7,10,21);
Insert into BD.OWNERS (CORP_NUM,PASSWORD,STORE_NAME,STORE_VALUE,TIME_OPEN,TIME_CLOSE) values (2050595825,'123','맘스터치',7,11,22);
Insert into BD.OWNERS (CORP_NUM,PASSWORD,STORE_NAME,STORE_VALUE,TIME_OPEN,TIME_CLOSE) values (4391801764,'123','프랭크버거',7,11,21);
Insert into BD.OWNERS (CORP_NUM,PASSWORD,STORE_NAME,STORE_VALUE,TIME_OPEN,TIME_CLOSE) values (7962801064,'123','노브랜드버거',7,9,21);
Insert into BD.OWNERS (CORP_NUM,PASSWORD,STORE_NAME,STORE_VALUE,TIME_OPEN,TIME_CLOSE) values (2940401505,'123','써브웨이',7,10,22);
Insert into BD.OWNERS (CORP_NUM,PASSWORD,STORE_NAME,STORE_VALUE,TIME_OPEN,TIME_CLOSE) values (1545100726,'123','뉴욕버거',7,10,21);
Insert into BD.OWNERS (CORP_NUM,PASSWORD,STORE_NAME,STORE_VALUE,TIME_OPEN,TIME_CLOSE) values (1082503994,'123','열알타코 타코야끼&꼬치',7,10,3);
Insert into BD.OWNERS (CORP_NUM,PASSWORD,STORE_NAME,STORE_VALUE,TIME_OPEN,TIME_CLOSE) values (6310802017,'123','타코요이',7,11,23);
Insert into BD.OWNERS (CORP_NUM,PASSWORD,STORE_NAME,STORE_VALUE,TIME_OPEN,TIME_CLOSE) values (6712700492,'123','존스버거',7,11,8);
Insert into BD.OWNERS (CORP_NUM,PASSWORD,STORE_NAME,STORE_VALUE,TIME_OPEN,TIME_CLOSE) values (8224600811,'123','수제버거 배달부',7,9,24);
Insert into BD.OWNERS (CORP_NUM,PASSWORD,STORE_NAME,STORE_VALUE,TIME_OPEN,TIME_CLOSE) values (5205300795,'123','어썸버거',7,11,20);
Insert into BD.OWNERS (CORP_NUM,PASSWORD,STORE_NAME,STORE_VALUE,TIME_OPEN,TIME_CLOSE) values (4023667604,'123','명랑핫도그',7,11,23);
Insert into BD.OWNERS (CORP_NUM,PASSWORD,STORE_NAME,STORE_VALUE,TIME_OPEN,TIME_CLOSE) values (6072192043,'123','120겹파이',7,12,3);
Insert into BD.OWNERS (CORP_NUM,PASSWORD,STORE_NAME,STORE_VALUE,TIME_OPEN,TIME_CLOSE) values (2461201627,'123','감미루',7,11,20);
Insert into BD.OWNERS (CORP_NUM,PASSWORD,STORE_NAME,STORE_VALUE,TIME_OPEN,TIME_CLOSE) values (8785900380,'123','대구안지랑곱창막창',8,11,24);
Insert into BD.OWNERS (CORP_NUM,PASSWORD,STORE_NAME,STORE_VALUE,TIME_OPEN,TIME_CLOSE) values (4085700192,'123','똥집홀릭',8,13,11);
Insert into BD.OWNERS (CORP_NUM,PASSWORD,STORE_NAME,STORE_VALUE,TIME_OPEN,TIME_CLOSE) values (5142615531,'123','아빠가 차린 밥상',8,8,23);
Insert into BD.OWNERS (CORP_NUM,PASSWORD,STORE_NAME,STORE_VALUE,TIME_OPEN,TIME_CLOSE) values (5142239132,'123','곱창나라',8,14,2);
Insert into BD.OWNERS (CORP_NUM,PASSWORD,STORE_NAME,STORE_VALUE,TIME_OPEN,TIME_CLOSE) values (2057300161,'123','성주막창',8,0,24);
Insert into BD.OWNERS (CORP_NUM,PASSWORD,STORE_NAME,STORE_VALUE,TIME_OPEN,TIME_CLOSE) values (5142193153,'123','북성로우동불고기',8,0,24);
Insert into BD.OWNERS (CORP_NUM,PASSWORD,STORE_NAME,STORE_VALUE,TIME_OPEN,TIME_CLOSE) values (4171162118,'123','삼지창숯불닭발 20년전통 술불닭발직화구이',8,17,1);
Insert into BD.OWNERS (CORP_NUM,PASSWORD,STORE_NAME,STORE_VALUE,TIME_OPEN,TIME_CLOSE) values (7991002276,'123','통불닭발',8,17,6);
Insert into BD.OWNERS (CORP_NUM,PASSWORD,STORE_NAME,STORE_VALUE,TIME_OPEN,TIME_CLOSE) values (5142206903,'123','연타발 닭발 막창',8,16,24);
Insert into BD.OWNERS (CORP_NUM,PASSWORD,STORE_NAME,STORE_VALUE,TIME_OPEN,TIME_CLOSE) values (3323900722,'123','닥엔돈스 돼지쪽갈비',8,13,24);
Insert into BD.OWNERS (CORP_NUM,PASSWORD,STORE_NAME,STORE_VALUE,TIME_OPEN,TIME_CLOSE) values (1550801983,'123','신 도둑 불닭발',8,17,5);
Insert into BD.OWNERS (CORP_NUM,PASSWORD,STORE_NAME,STORE_VALUE,TIME_OPEN,TIME_CLOSE) values (8370601500,'123','불야시불닭발',8,17,4);
Insert into BD.OWNERS (CORP_NUM,PASSWORD,STORE_NAME,STORE_VALUE,TIME_OPEN,TIME_CLOSE) values (5142190893,'123','홍고추불닭발',8,16,2);
Insert into BD.OWNERS (CORP_NUM,PASSWORD,STORE_NAME,STORE_VALUE,TIME_OPEN,TIME_CLOSE) values (5433500998,'123','꼬치포차 단디',8,18,3);
Insert into BD.OWNERS (CORP_NUM,PASSWORD,STORE_NAME,STORE_VALUE,TIME_OPEN,TIME_CLOSE) values (8400600545,'123','닭발아 놀자',8,16,2);
Insert into BD.OWNERS (CORP_NUM,PASSWORD,STORE_NAME,STORE_VALUE,TIME_OPEN,TIME_CLOSE) values (2571800971,'123','백촌진짜대구막창',8,12,1);
Insert into BD.OWNERS (CORP_NUM,PASSWORD,STORE_NAME,STORE_VALUE,TIME_OPEN,TIME_CLOSE) values (3737700327,'123','이시키닭발',8,16,1);
Insert into BD.OWNERS (CORP_NUM,PASSWORD,STORE_NAME,STORE_VALUE,TIME_OPEN,TIME_CLOSE) values (2527700321,'123','고령 뒷고기',8,18,5);
Insert into BD.OWNERS (CORP_NUM,PASSWORD,STORE_NAME,STORE_VALUE,TIME_OPEN,TIME_CLOSE) values (7483600741,'123','왕십리정곱창',8,17,1);
Insert into BD.OWNERS (CORP_NUM,PASSWORD,STORE_NAME,STORE_VALUE,TIME_OPEN,TIME_CLOSE) values (5021647666,'123','신아나고 숯불닭발',8,15,4);
Insert into BD.OWNERS (CORP_NUM,PASSWORD,STORE_NAME,STORE_VALUE,TIME_OPEN,TIME_CLOSE) values (1451301471,'123','중식포차 자청룡',8,17,1);
Insert into BD.OWNERS (CORP_NUM,PASSWORD,STORE_NAME,STORE_VALUE,TIME_OPEN,TIME_CLOSE) values (8450201726,'123','안지랭이 난장포차',8,17,4);
Insert into BD.OWNERS (CORP_NUM,PASSWORD,STORE_NAME,STORE_VALUE,TIME_OPEN,TIME_CLOSE) values (5032040381,'123','대구 불타는불닭발',8,11,24);
Insert into BD.OWNERS (CORP_NUM,PASSWORD,STORE_NAME,STORE_VALUE,TIME_OPEN,TIME_CLOSE) values (2548501772,'123','역전할머니맥주',8,17,3);
Insert into BD.OWNERS (CORP_NUM,PASSWORD,STORE_NAME,STORE_VALUE,TIME_OPEN,TIME_CLOSE) values (6241501677,'123','오빠막창',8,17,1);
Insert into BD.OWNERS (CORP_NUM,PASSWORD,STORE_NAME,STORE_VALUE,TIME_OPEN,TIME_CLOSE) values (2603700423,'123','웅칠구',8,17,4);
Insert into BD.OWNERS (CORP_NUM,PASSWORD,STORE_NAME,STORE_VALUE,TIME_OPEN,TIME_CLOSE) values (2672700731,'123','짱곱창막창',8,13,1);
Insert into BD.OWNERS (CORP_NUM,PASSWORD,STORE_NAME,STORE_VALUE,TIME_OPEN,TIME_CLOSE) values (3122949377,'123','영선시장 닭발',8,16,24);
Insert into BD.OWNERS (CORP_NUM,PASSWORD,STORE_NAME,STORE_VALUE,TIME_OPEN,TIME_CLOSE) values (5142521564,'123','똔똔이 곱창',8,15,1);
Insert into BD.OWNERS (CORP_NUM,PASSWORD,STORE_NAME,STORE_VALUE,TIME_OPEN,TIME_CLOSE) values (7220202102,'123','제육대가',1,9,2);
Insert into BD.OWNERS (CORP_NUM,PASSWORD,STORE_NAME,STORE_VALUE,TIME_OPEN,TIME_CLOSE) values (5041610786,'123','간큰갈비&냉면',1,10,24);
Insert into BD.OWNERS (CORP_NUM,PASSWORD,STORE_NAME,STORE_VALUE,TIME_OPEN,TIME_CLOSE) values (5042977716,'123','뿅가야채곱창',1,12,23);
Insert into BD.OWNERS (CORP_NUM,PASSWORD,STORE_NAME,STORE_VALUE,TIME_OPEN,TIME_CLOSE) values (6701101032,'123','수비면 낙곱새',1,0,24);
Insert into BD.OWNERS (CORP_NUM,PASSWORD,STORE_NAME,STORE_VALUE,TIME_OPEN,TIME_CLOSE) values (1421901038,'123','동궁찜닭',1,10,22);
Insert into BD.OWNERS (CORP_NUM,PASSWORD,STORE_NAME,STORE_VALUE,TIME_OPEN,TIME_CLOSE) values (5420402081,'123','안영애해물나라찜마을',1,11,22);
Insert into BD.OWNERS (CORP_NUM,PASSWORD,STORE_NAME,STORE_VALUE,TIME_OPEN,TIME_CLOSE) values (2892900147,'123','하녹김치찜&찌개',1,11,3);
Insert into BD.OWNERS (CORP_NUM,PASSWORD,STORE_NAME,STORE_VALUE,TIME_OPEN,TIME_CLOSE) values (7742100071,'123','달구마을',1,10,21);
Insert into BD.OWNERS (CORP_NUM,PASSWORD,STORE_NAME,STORE_VALUE,TIME_OPEN,TIME_CLOSE) values (1013251894,'123','1인전용짜글이',1,12,4);
Insert into BD.OWNERS (CORP_NUM,PASSWORD,STORE_NAME,STORE_VALUE,TIME_OPEN,TIME_CLOSE) values (7840801404,'123','서초동마약찜갈비&찌개',1,16,15);
Insert into BD.OWNERS (CORP_NUM,PASSWORD,STORE_NAME,STORE_VALUE,TIME_OPEN,TIME_CLOSE) values (3352200887,'123','앞산큰골집',1,11,21);
Insert into BD.OWNERS (CORP_NUM,PASSWORD,STORE_NAME,STORE_VALUE,TIME_OPEN,TIME_CLOSE) values (6033665169,'123','이화수전통육개장',1,10,24);
Insert into BD.OWNERS (CORP_NUM,PASSWORD,STORE_NAME,STORE_VALUE,TIME_OPEN,TIME_CLOSE) values (3282501123,'123','놀부식당',1,10,21);
Insert into BD.OWNERS (CORP_NUM,PASSWORD,STORE_NAME,STORE_VALUE,TIME_OPEN,TIME_CLOSE) values (7271601672,'123','한끼뽀까',1,10,24);
Insert into BD.OWNERS (CORP_NUM,PASSWORD,STORE_NAME,STORE_VALUE,TIME_OPEN,TIME_CLOSE) values (4074400597,'123','현풍닭칼국수',1,11,20);
Insert into BD.OWNERS (CORP_NUM,PASSWORD,STORE_NAME,STORE_VALUE,TIME_OPEN,TIME_CLOSE) values (1225800223,'123','교동면옥 냉면&갈비탕',1,10,20);
Insert into BD.OWNERS (CORP_NUM,PASSWORD,STORE_NAME,STORE_VALUE,TIME_OPEN,TIME_CLOSE) values (6386900364,'123','청년찌개',1,0,24);
Insert into BD.OWNERS (CORP_NUM,PASSWORD,STORE_NAME,STORE_VALUE,TIME_OPEN,TIME_CLOSE) values (7312201177,'123','행컵',1,10,21);
Insert into BD.OWNERS (CORP_NUM,PASSWORD,STORE_NAME,STORE_VALUE,TIME_OPEN,TIME_CLOSE) values (1715500485,'123','고기듬뿍대왕비빔밥&냉면',1,9,2);
Insert into BD.OWNERS (CORP_NUM,PASSWORD,STORE_NAME,STORE_VALUE,TIME_OPEN,TIME_CLOSE) values (3093501169,'123','국밥여행',1,9,24);
Insert into BD.OWNERS (CORP_NUM,PASSWORD,STORE_NAME,STORE_VALUE,TIME_OPEN,TIME_CLOSE) values (5141088125,'123','41년전통 뚱보식당 한식&죽',1,10,20);
Insert into BD.OWNERS (CORP_NUM,PASSWORD,STORE_NAME,STORE_VALUE,TIME_OPEN,TIME_CLOSE) values (8572400265,'123','쌈빡한 밥쟁이',1,10,21);
Insert into BD.OWNERS (CORP_NUM,PASSWORD,STORE_NAME,STORE_VALUE,TIME_OPEN,TIME_CLOSE) values (2152721021,'123','엄마의 손맛반찬',1,11,20);

Insert into BD.MENUS (STORE_NUM,MENU_NAME,MENU_PRICE,MENU_CONTENT) values (3371901669,'니꾸마제우동',12500,'마제우동에 아부리한 차돌박이를 올려드립니다.');
Insert into BD.MENUS (STORE_NUM,MENU_NAME,MENU_PRICE,MENU_CONTENT) values (4776800307,'오마카세',12500,null);
Insert into BD.MENUS (STORE_NUM,MENU_NAME,MENU_PRICE,MENU_CONTENT) values (4776800307,'모듬 오마카세',16000,null);
Insert into BD.MENUS (STORE_NUM,MENU_NAME,MENU_PRICE,MENU_CONTENT) values (4776800307,'활광어초밥',16000,null);
Insert into BD.MENUS (STORE_NUM,MENU_NAME,MENU_PRICE,MENU_CONTENT) values (4776800307,'연어초밥',15000,null);
Insert into BD.MENUS (STORE_NUM,MENU_NAME,MENU_PRICE,MENU_CONTENT) values (4776800307,'냉모밀',7000,null);
Insert into BD.MENUS (STORE_NUM,MENU_NAME,MENU_PRICE,MENU_CONTENT) values (4595200574,'1+1 야미야미 먹보세트',22900,null);
Insert into BD.MENUS (STORE_NUM,MENU_NAME,MENU_PRICE,MENU_CONTENT) values (4595200574,'생연어초밥',15000,null);
Insert into BD.MENUS (STORE_NUM,MENU_NAME,MENU_PRICE,MENU_CONTENT) values (4595200574,'고급초밥',14500,null);
Insert into BD.MENUS (STORE_NUM,MENU_NAME,MENU_PRICE,MENU_CONTENT) values (4595200574,'모듬초밥',12500,null);
Insert into BD.MENUS (STORE_NUM,MENU_NAME,MENU_PRICE,MENU_CONTENT) values (4595200574,'커플세트(2인)',26000,null);
Insert into BD.MENUS (STORE_NUM,MENU_NAME,MENU_PRICE,MENU_CONTENT) values (4595200574,'광어/연어초밥',15000,null);
Insert into BD.MENUS (STORE_NUM,MENU_NAME,MENU_PRICE,MENU_CONTENT) values (7480702190,'산오징어회',26000,'주문후 바로잡는 살아있는 활어회의 신선함을 드립니다');
Insert into BD.MENUS (STORE_NUM,MENU_NAME,MENU_PRICE,MENU_CONTENT) values (7480702190,'산오징어회+모듬회',26000,null);
Insert into BD.MENUS (STORE_NUM,MENU_NAME,MENU_PRICE,MENU_CONTENT) values (7480702190,'set1',45000,'산오징어회(1마리)+산오징어통찜(1마리)+튀김');
Insert into BD.MENUS (STORE_NUM,MENU_NAME,MENU_PRICE,MENU_CONTENT) values (7480702190,'모듬회',26000,null);
Insert into BD.MENUS (STORE_NUM,MENU_NAME,MENU_PRICE,MENU_CONTENT) values (7480702190,'완도산 명품 대광어',26000,null);
Insert into BD.MENUS (STORE_NUM,MENU_NAME,MENU_PRICE,MENU_CONTENT) values (7480702190,'봄제철 도다리세꼬시',26000,null);
Insert into BD.MENUS (STORE_NUM,MENU_NAME,MENU_PRICE,MENU_CONTENT) values (5146300445,'모둠회',28000,null);
Insert into BD.MENUS (STORE_NUM,MENU_NAME,MENU_PRICE,MENU_CONTENT) values (5146300445,'한여름 물회 페스티발',12000,'꽁치구이,소면,공기밥');
Insert into BD.MENUS (STORE_NUM,MENU_NAME,MENU_PRICE,MENU_CONTENT) values (5146300445,'한끼회덮밥 SET',11000,null);
Insert into BD.MENUS (STORE_NUM,MENU_NAME,MENU_PRICE,MENU_CONTENT) values (5146300445,'광어회',30000,null);
Insert into BD.MENUS (STORE_NUM,MENU_NAME,MENU_PRICE,MENU_CONTENT) values (5146300445,'세꼬시회(강도다리)',28000,null);
Insert into BD.MENUS (STORE_NUM,MENU_NAME,MENU_PRICE,MENU_CONTENT) values (5041494424,'모둠초밥(A)',17000,'15p+미니우동');
Insert into BD.MENUS (STORE_NUM,MENU_NAME,MENU_PRICE,MENU_CONTENT) values (5041494424,'모둠초밥(B)',11000,'11p+미니우동');
Insert into BD.MENUS (STORE_NUM,MENU_NAME,MENU_PRICE,MENU_CONTENT) values (5041494424,'광어 모둠 초밥',20000,null);
Insert into BD.MENUS (STORE_NUM,MENU_NAME,MENU_PRICE,MENU_CONTENT) values (1740200867,'나가사키탕',20000,'돼지뼈로 우려낸 육수에 해산물과 야채를 듬뿍 넣어 맛을 낸 탕 요리');
Insert into BD.MENUS (STORE_NUM,MENU_NAME,MENU_PRICE,MENU_CONTENT) values (1740200867,'쇠고기샐러드',15000,'신선한 야채와 쇠고기와 세가지 드레싱을 곁들인 샐러드');
Insert into BD.MENUS (STORE_NUM,MENU_NAME,MENU_PRICE,MENU_CONTENT) values (1740200867,'부타동',11000,'매콤한소스에 불향을 낸 돼지고기,대파,계란노른자를 얹은 덮밥');
Insert into BD.MENUS (STORE_NUM,MENU_NAME,MENU_PRICE,MENU_CONTENT) values (7444200449,'자연산 동해 쫄깃쫄깃 산오징어 회',35000,null);
Insert into BD.MENUS (STORE_NUM,MENU_NAME,MENU_PRICE,MENU_CONTENT) values (7444200449,'모듬회',35000,'광어+우럭+밀치');
Insert into BD.MENUS (STORE_NUM,MENU_NAME,MENU_PRICE,MENU_CONTENT) values (7444200449,'직접뽑은 육수 새콤달콤 물회',12000,null);
Insert into BD.MENUS (STORE_NUM,MENU_NAME,MENU_PRICE,MENU_CONTENT) values (7444200449,'동해 자연산 참가자미(세꼬시)',40000,null);
Insert into BD.MENUS (STORE_NUM,MENU_NAME,MENU_PRICE,MENU_CONTENT) values (7444200449,'부드럽고 쫄깃한 국산참돔',50000,null);
Insert into BD.MENUS (STORE_NUM,MENU_NAME,MENU_PRICE,MENU_CONTENT) values (4604300849,'규동',9500,null);
Insert into BD.MENUS (STORE_NUM,MENU_NAME,MENU_PRICE,MENU_CONTENT) values (4604300849,'가츠동',9000,null);
Insert into BD.MENUS (STORE_NUM,MENU_NAME,MENU_PRICE,MENU_CONTENT) values (4604300849,'사케동',13000,null);
Insert into BD.MENUS (STORE_NUM,MENU_NAME,MENU_PRICE,MENU_CONTENT) values (4604300849,'돈까스 카레 덮밥',9500,null);
Insert into BD.MENUS (STORE_NUM,MENU_NAME,MENU_PRICE,MENU_CONTENT) values (6711401152,'배터지는 생돈까스',10000,'등심 돈까스 2장 구성의 기본에 충실한 메뉴');
Insert into BD.MENUS (STORE_NUM,MENU_NAME,MENU_PRICE,MENU_CONTENT) values (6711401152,'바다탈출 생선까스',10000,'사장도 즐겨먹는 소문난 생선까스 맛집');
Insert into BD.MENUS (STORE_NUM,MENU_NAME,MENU_PRICE,MENU_CONTENT) values (6711401152,'피자떠난 치즈돈까스',10500,'치즈가 듬뿍 들어간 남녀노소 누구나 좋아하는 인기메뉴');
Insert into BD.MENUS (STORE_NUM,MENU_NAME,MENU_PRICE,MENU_CONTENT) values (6711401152,'산골 고구마치즈돈까스',10500,'달콤한 황금빛 고구마무스와 고소한 치즈가 가득');
Insert into BD.MENUS (STORE_NUM,MENU_NAME,MENU_PRICE,MENU_CONTENT) values (6711401152,'묻지마다쳐 쫄면',8000,'신선한 야채와 함께 브랜드만의 장소스로 만드는 쫄면');
Insert into BD.MENUS (STORE_NUM,MENU_NAME,MENU_PRICE,MENU_CONTENT) values (4562500768,'생연어초밥',14500,'연어초밥 10P+미니우동+샐러드');
Insert into BD.MENUS (STORE_NUM,MENU_NAME,MENU_PRICE,MENU_CONTENT) values (1491100956,'아키바수제돈카츠',8800,null);
Insert into BD.MENUS (STORE_NUM,MENU_NAME,MENU_PRICE,MENU_CONTENT) values (1491100956,'롤치즈카츠',10000,null);
Insert into BD.MENUS (STORE_NUM,MENU_NAME,MENU_PRICE,MENU_CONTENT) values (1491100956,'스윗고구마치즈카츠',9800,null);
Insert into BD.MENUS (STORE_NUM,MENU_NAME,MENU_PRICE,MENU_CONTENT) values (5142528266,'등심 돈카츠',8500,null);
Insert into BD.MENUS (STORE_NUM,MENU_NAME,MENU_PRICE,MENU_CONTENT) values (3642400875,'프리미엄 큐츠치즈카츠',9900,'모짜렐라 100% 치즈가 쭈~우~욱~ 속이 꽉찬 치즈카츠와 감자튀김을 동시에 즐기실 수 있는 메뉴(큐브4개+감자튀김)');
Insert into BD.MENUS (STORE_NUM,MENU_NAME,MENU_PRICE,MENU_CONTENT) values (4562500768,'생연어 샐러드',9000,null);
Insert into BD.MENUS (STORE_NUM,MENU_NAME,MENU_PRICE,MENU_CONTENT) values (5142528266,'치즈 돈카츠',9900,null);
Insert into BD.MENUS (STORE_NUM,MENU_NAME,MENU_PRICE,MENU_CONTENT) values (5219800163,'멍게',15000,null);
Insert into BD.MENUS (STORE_NUM,MENU_NAME,MENU_PRICE,MENU_CONTENT) values (1853201145,'볶음 고추장 유부4P',4700,'네모유부만의 레시피로 만든 볶음고추장');
Insert into BD.MENUS (STORE_NUM,MENU_NAME,MENU_PRICE,MENU_CONTENT) values (1853201145,'삼겹비빔면',4000,null);
Insert into BD.MENUS (STORE_NUM,MENU_NAME,MENU_PRICE,MENU_CONTENT) values (3371901669,'카모우동(우리안심)',12000,'장시간 수비드한 오리 안심을 아부리하여 우동에 올려드립니다.');
Insert into BD.MENUS (STORE_NUM,MENU_NAME,MENU_PRICE,MENU_CONTENT) values (1740200867,'규동',10500,'키햐아만의 비법간장으로 맛을 낸 쇠고기덮밥');
Insert into BD.MENUS (STORE_NUM,MENU_NAME,MENU_PRICE,MENU_CONTENT) values (1740200867,'나가사키우동',10500,'돼지뼈로 우려낸 육수에 해산물과 갖은 야채로 맛을 낸 우동');
Insert into BD.MENUS (STORE_NUM,MENU_NAME,MENU_PRICE,MENU_CONTENT) values (4604300849,'등심돈까스',8000,null);
Insert into BD.MENUS (STORE_NUM,MENU_NAME,MENU_PRICE,MENU_CONTENT) values (4604300849,'안심돈까스',8500,null);
Insert into BD.MENUS (STORE_NUM,MENU_NAME,MENU_PRICE,MENU_CONTENT) values (7121700834,'사누끼 우동',6000,null);
Insert into BD.MENUS (STORE_NUM,MENU_NAME,MENU_PRICE,MENU_CONTENT) values (7121700834,'비빔냉면',8000,null);
Insert into BD.MENUS (STORE_NUM,MENU_NAME,MENU_PRICE,MENU_CONTENT) values (4730901651,'((인기 메뉴))싱싱한 생연어 유부초밥',2500,'달달한 유부초밥 위에 신선한 생연어를 올려 직접만든 타르타르소스를 올린 유부초밥');
Insert into BD.MENUS (STORE_NUM,MENU_NAME,MENU_PRICE,MENU_CONTENT) values (4730901651,'((별미 메뉴))매콤하고 달달한 진미 유부초밥',1500,'고추장을 이용해서 만든 매콤하고 달달한 진미를 올린 유부초밥');
Insert into BD.MENUS (STORE_NUM,MENU_NAME,MENU_PRICE,MENU_CONTENT) values (4730901651,'((중독성 강한))입에서 녹아내리는 참치마요 유부초밥',1500,'달달한 유부초밥 위에 참치와 마요네즈에 와사비를 쪼매 넣어서 묘하게 중독되는 맛');
Insert into BD.MENUS (STORE_NUM,MENU_NAME,MENU_PRICE,MENU_CONTENT) values (3642400875,'짬뽕우동',2000,null);
Insert into BD.MENUS (STORE_NUM,MENU_NAME,MENU_PRICE,MENU_CONTENT) values (3642400875,'[재주문 1위]프리미엄카츠',8900,'프리미엄소스와 히말라야 핑크소금,와사비마요,생와사비를 기호에 맞게 드실 수 있는 카츠');
Insert into BD.MENUS (STORE_NUM,MENU_NAME,MENU_PRICE,MENU_CONTENT) values (3642400875,'[주문수 1위]까르보나라',8900,'느끼하지 않은 고소함의 결정체 어른들의 원픽 쑝쑝 까르보나라');
Insert into BD.MENUS (STORE_NUM,MENU_NAME,MENU_PRICE,MENU_CONTENT) values (4730901651,'((가성비최고)) 연인세트 (1인 ~ 2인)',14900,'6가지 토핑 유부초밥 선택 + 우동 + 샐러드 or 튀김 선택 + 음료 선택');
Insert into BD.MENUS (STORE_NUM,MENU_NAME,MENU_PRICE,MENU_CONTENT) values (4730901651,'((최애 메뉴))달짝지근한 우삼겹 유부초밥',2000,'달달한 유부초밥 위에 달짝지근한 양념을 한 우삼겹을 넣어 만든 유부초밥');
Insert into BD.MENUS (STORE_NUM,MENU_NAME,MENU_PRICE,MENU_CONTENT) values (3642400875,'통감자라이스커리',8500,'넓직한 통감자에 눈꽃치즈를 살살 뿌려 카레와 쓱싹 비벼먹는 카레의 신흥강자');
Insert into BD.MENUS (STORE_NUM,MENU_NAME,MENU_PRICE,MENU_CONTENT) values (3642400875,'로제파스타',8900,'고소한 크림과 100% 토마토홀의 환상적인 핑크빛 로제파스타');
Insert into BD.MENUS (STORE_NUM,MENU_NAME,MENU_PRICE,MENU_CONTENT) values (5361800732,'모듬초밥10ps+미니우동+샐러드',12000,null);
Insert into BD.MENUS (STORE_NUM,MENU_NAME,MENU_PRICE,MENU_CONTENT) values (5361800732,'활광어초밥+미니우동+샐러드',15000,null);
Insert into BD.MENUS (STORE_NUM,MENU_NAME,MENU_PRICE,MENU_CONTENT) values (5361800732,'생언어초밥+미니우동+샐러드',15000,null);
Insert into BD.MENUS (STORE_NUM,MENU_NAME,MENU_PRICE,MENU_CONTENT) values (5361800732,'모듬초밥세트 1',27000,'모듬초밥 12pcs+일식돈까스+새우튀김2+미니우동2+콜라');
Insert into BD.MENUS (STORE_NUM,MENU_NAME,MENU_PRICE,MENU_CONTENT) values (5361800732,'매콤 김치 돈까스나베+공기밥',10000,null);
Insert into BD.MENUS (STORE_NUM,MENU_NAME,MENU_PRICE,MENU_CONTENT) values (5663100391,'아보카도 연어 비빔밥',9500,'잘 후숙된 숲속의 버터 아보카도와 생연어의 조화가 환상적인 슈퍼푸드 한끼!');
Insert into BD.MENUS (STORE_NUM,MENU_NAME,MENU_PRICE,MENU_CONTENT) values (5663100391,'모듬초밥10P+미니우동+샐러드',10500,'연어2+광어2+찐새우1+생새우1+한치1+계란1+유부1+게살1(한치 소진시 생새우로 대체)');
Insert into BD.MENUS (STORE_NUM,MENU_NAME,MENU_PRICE,MENU_CONTENT) values (5663100391,'생연어초밥10P+미니우동+샐러드',13000,null);
Insert into BD.MENUS (STORE_NUM,MENU_NAME,MENU_PRICE,MENU_CONTENT) values (5663100391,'수제 등심돈까츠 정식',8500,'국내산 한돈 등심돈까스와 한결식당만의 숙주볶음의 꿀맛 조합!');
Insert into BD.MENUS (STORE_NUM,MENU_NAME,MENU_PRICE,MENU_CONTENT) values (5663100391,'사천 치킨가라아게 정식 (매워용)',8500,'사천치킨 매운맛에 중독되면 책임못졍...');
Insert into BD.MENUS (STORE_NUM,MENU_NAME,MENU_PRICE,MENU_CONTENT) values (5663100391,'우삼겹 숙주볶음 정식 (매운고추들어가용)',9000,null);
Insert into BD.MENUS (STORE_NUM,MENU_NAME,MENU_PRICE,MENU_CONTENT) values (3902601090,'히레카츠(안심)',11000,'최상급 냉장안심을 48시간 숙성시켜 극강의 부드러움과 쫀득한 식감이 일품');
Insert into BD.MENUS (STORE_NUM,MENU_NAME,MENU_PRICE,MENU_CONTENT) values (3902601090,'치즈롤 카츠',12000,'최상급 냉장등심과 자연모짜렐라 치즈와의 부드럽고 환상적인 쫀득함이 일품');
Insert into BD.MENUS (STORE_NUM,MENU_NAME,MENU_PRICE,MENU_CONTENT) values (3902601090,'카츠모듬 (로스+히레)',13000,'국내산 최상급 냉장 돼지고기 등심과 히레카츠의 다양한 부위를 즐길 수 있는 메뉴');
Insert into BD.MENUS (STORE_NUM,MENU_NAME,MENU_PRICE,MENU_CONTENT) values (3902601090,'카츠+커리덮밥',10500,'깊고 진한 고기듬뿍 양파커리와 두툼한 카츠를 같이 즐길 수 있는 건강한 한끼식사');
Insert into BD.MENUS (STORE_NUM,MENU_NAME,MENU_PRICE,MENU_CONTENT) values (4562500768,'배터져 죽겠다 set',40000,'모듬초밥11P+모듬초밥11P+수제등심돈까스+연어or치킨샐러드+미니우동3+음료수 선택');
Insert into BD.MENUS (STORE_NUM,MENU_NAME,MENU_PRICE,MENU_CONTENT) values (4562500768,'신따로 모듬초밥 set',26000,'모듬 13P+수제등심돈까스+새우튀김2P+미니우동2+음료수 선택');
Insert into BD.MENUS (STORE_NUM,MENU_NAME,MENU_PRICE,MENU_CONTENT) values (4562500768,'1+1 신따로 허리띠쫄라매',20900,'모듬11P+모듬11P 샐러드 우동을 제외한 구성으로...');
Insert into BD.MENUS (STORE_NUM,MENU_NAME,MENU_PRICE,MENU_CONTENT) values (4562500768,'냉소바',7000,null);
Insert into BD.MENUS (STORE_NUM,MENU_NAME,MENU_PRICE,MENU_CONTENT) values (7202800374,'마이카츠',5500,'48시간이상 숙성한 국내산 등심과 최상급 빵가루를 입힌 정통 일식 돈카츠');
Insert into BD.MENUS (STORE_NUM,MENU_NAME,MENU_PRICE,MENU_CONTENT) values (7202800374,'마이산도',4900,'비법 소스로 느끼하지 않은 돈카츠 샌드위치');
Insert into BD.MENUS (STORE_NUM,MENU_NAME,MENU_PRICE,MENU_CONTENT) values (7202800374,'더블카츠',9500,'마이카츠로 부족하면 돈카츠 두장 더블카츠로');
Insert into BD.MENUS (STORE_NUM,MENU_NAME,MENU_PRICE,MENU_CONTENT) values (7202800374,'토핑라이스',10900,'매콤한 마이라이스에 돈카츠, 새우, 가라아게');
Insert into BD.MENUS (STORE_NUM,MENU_NAME,MENU_PRICE,MENU_CONTENT) values (7202800374,'히야시소바',7500,null);
Insert into BD.MENUS (STORE_NUM,MENU_NAME,MENU_PRICE,MENU_CONTENT) values (7202800374,'야끼소바',8500,'48시간이상 숙성한 비법소스로 맛을 낸 일본식 볶음우동');
Insert into BD.MENUS (STORE_NUM,MENU_NAME,MENU_PRICE,MENU_CONTENT) values (1491100956,'에비카레동',8800,null);
Insert into BD.MENUS (STORE_NUM,MENU_NAME,MENU_PRICE,MENU_CONTENT) values (1082593994,'生육회&연어세트',26900,null);
Insert into BD.MENUS (STORE_NUM,MENU_NAME,MENU_PRICE,MENU_CONTENT) values (1082593994,'국내산 生냉장육회',13900,'국내산 냉장육회의 신선하고 쫄깃한 식감을 느껴보세요:)');
Insert into BD.MENUS (STORE_NUM,MENU_NAME,MENU_PRICE,MENU_CONTENT) values (1082593994,'육회비빔밥(수제소스)',13900,'당일들어온 국내산 냉장육회에 비법 수제양념을 곁들이면 조합쵝오~');
Insert into BD.MENUS (STORE_NUM,MENU_NAME,MENU_PRICE,MENU_CONTENT) values (1082593994,'연어사시미',15900,null);
Insert into BD.MENUS (STORE_NUM,MENU_NAME,MENU_PRICE,MENU_CONTENT) values (1082593994,'10알주는 타코야끼',6500,'진짜 문어가 함유되어있습니다.');
Insert into BD.MENUS (STORE_NUM,MENU_NAME,MENU_PRICE,MENU_CONTENT) values (1082593994,'얼리지않은 생염통꼬치',6900,null);
Insert into BD.MENUS (STORE_NUM,MENU_NAME,MENU_PRICE,MENU_CONTENT) values (7121700834,'생등심 돈까스',9000,'두툼한 고기두께로 씹는맛을 제대로 느낄 수 있어요~');
Insert into BD.MENUS (STORE_NUM,MENU_NAME,MENU_PRICE,MENU_CONTENT) values (7121700834,'치즈 돈까스',9500,'치즈를 좋아하는 분들께 추천드려요~');
Insert into BD.MENUS (STORE_NUM,MENU_NAME,MENU_PRICE,MENU_CONTENT) values (1475200481,'등심돈수르',9000,'바삭함과 두툼함의 극치');
Insert into BD.MENUS (STORE_NUM,MENU_NAME,MENU_PRICE,MENU_CONTENT) values (1475200481,'롤 치즈돈수르',10000,null);
Insert into BD.MENUS (STORE_NUM,MENU_NAME,MENU_PRICE,MENU_CONTENT) values (1475200481,'수제고구마돈수르',9500,'먹다 보면 달콤하게 빠져드는 마약');
Insert into BD.MENUS (STORE_NUM,MENU_NAME,MENU_PRICE,MENU_CONTENT) values (1475200481,'수제치킨돈수르',9500,'담백하고 깔끔한 빅사이즈 치킨까스');
Insert into BD.MENUS (STORE_NUM,MENU_NAME,MENU_PRICE,MENU_CONTENT) values (1475200481,'수제치즈돈수르',9500,null);
Insert into BD.MENUS (STORE_NUM,MENU_NAME,MENU_PRICE,MENU_CONTENT) values (1475200481,'수제 피자돈수르',9500,null);
Insert into BD.MENUS (STORE_NUM,MENU_NAME,MENU_PRICE,MENU_CONTENT) values (7512700328,'모듬초밥+우동+샐러드',12000,'광어2연어1활새우1생새우1계란1한치1소라1소고기1베이컨');
Insert into BD.MENUS (STORE_NUM,MENU_NAME,MENU_PRICE,MENU_CONTENT) values (7512700328,'모듬연어초밥12P+우동+샐러드',18000,'생연어4 토핑연어4 구운연어4');
Insert into BD.MENUS (STORE_NUM,MENU_NAME,MENU_PRICE,MENU_CONTENT) values (7512700328,'싱글세트',16000,'모듬초밥7p+돈까스+기본샐러드+우동1개');
Insert into BD.MENUS (STORE_NUM,MENU_NAME,MENU_PRICE,MENU_CONTENT) values (7512700328,'2인세트',31000,'모듬초밥16P+돈까스+샐러드(연어or치킨)+우동2개');
Insert into BD.MENUS (STORE_NUM,MENU_NAME,MENU_PRICE,MENU_CONTENT) values (7512700328,'연어덮밥(우동포함)',10000,null);
Insert into BD.MENUS (STORE_NUM,MENU_NAME,MENU_PRICE,MENU_CONTENT) values (8077900367,'수제생등심돈까스',9500,null);
Insert into BD.MENUS (STORE_NUM,MENU_NAME,MENU_PRICE,MENU_CONTENT) values (8077900367,'수제생안심돈까스',9900,null);
Insert into BD.MENUS (STORE_NUM,MENU_NAME,MENU_PRICE,MENU_CONTENT) values (8077900367,'수제치즈돈까스',10500,null);
Insert into BD.MENUS (STORE_NUM,MENU_NAME,MENU_PRICE,MENU_CONTENT) values (8077900367,'크림스파게티',9000,null);
Insert into BD.MENUS (STORE_NUM,MENU_NAME,MENU_PRICE,MENU_CONTENT) values (8077900367,'토마토스파게티',9000,null);
Insert into BD.MENUS (STORE_NUM,MENU_NAME,MENU_PRICE,MENU_CONTENT) values (8077900367,'크림카레스파게티',11000,null);
Insert into BD.MENUS (STORE_NUM,MENU_NAME,MENU_PRICE,MENU_CONTENT) values (3360402259,'대구물회',12000,'공기밥 제외');
Insert into BD.MENUS (STORE_NUM,MENU_NAME,MENU_PRICE,MENU_CONTENT) values (3360402259,'밀치 깻잎무침',27000,'최강별미');
Insert into BD.MENUS (STORE_NUM,MENU_NAME,MENU_PRICE,MENU_CONTENT) values (3360402259,'미니회+대구물회',28000,'공기밥제외');
Insert into BD.MENUS (STORE_NUM,MENU_NAME,MENU_PRICE,MENU_CONTENT) values (3360402259,'모듬회',22000,'광어+우럭+밀치or보리숭어');
Insert into BD.MENUS (STORE_NUM,MENU_NAME,MENU_PRICE,MENU_CONTENT) values (3360402259,'참돔',35000,null);
Insert into BD.MENUS (STORE_NUM,MENU_NAME,MENU_PRICE,MENU_CONTENT) values (5219800163,'물회(밥제외)',10000,null);
Insert into BD.MENUS (STORE_NUM,MENU_NAME,MENU_PRICE,MENU_CONTENT) values (5219800163,'모둠회',24000,null);
Insert into BD.MENUS (STORE_NUM,MENU_NAME,MENU_PRICE,MENU_CONTENT) values (5219800163,'완도산광어',28000,null);
Insert into BD.MENUS (STORE_NUM,MENU_NAME,MENU_PRICE,MENU_CONTENT) values (5219800163,'우럭',25000,null);
Insert into BD.MENUS (STORE_NUM,MENU_NAME,MENU_PRICE,MENU_CONTENT) values (8183000825,'연어+광어초밥',15500,null);
Insert into BD.MENUS (STORE_NUM,MENU_NAME,MENU_PRICE,MENU_CONTENT) values (8183000825,'광어초밥',15000,null);
Insert into BD.MENUS (STORE_NUM,MENU_NAME,MENU_PRICE,MENU_CONTENT) values (1163900907,'육회',12900,null);
Insert into BD.MENUS (STORE_NUM,MENU_NAME,MENU_PRICE,MENU_CONTENT) values (1163900907,'생연어회',14900,null);
Insert into BD.MENUS (STORE_NUM,MENU_NAME,MENU_PRICE,MENU_CONTENT) values (1163900907,'육연세트',34900,'육회(180g)+연어(18p)');
Insert into BD.MENUS (STORE_NUM,MENU_NAME,MENU_PRICE,MENU_CONTENT) values (1163900907,'한우육사시미',29900,null);
Insert into BD.MENUS (STORE_NUM,MENU_NAME,MENU_PRICE,MENU_CONTENT) values (1163900907,'혼밥세트',20900,'육회(100g)+연어(8p)+육회비빔밥');
Insert into BD.MENUS (STORE_NUM,MENU_NAME,MENU_PRICE,MENU_CONTENT) values (1853201145,'네모유부(기본유부초밥)',4000,'달달한 유부 속에 계란볶음밥으로 꽉 채운 기본 유부');
Insert into BD.MENUS (STORE_NUM,MENU_NAME,MENU_PRICE,MENU_CONTENT) values (1853201145,'참치마요 유부4P',4500,'유부와 너무 잘 어울리는 담백하고 고소한 참치마요가 들어간 유부');
Insert into BD.MENUS (STORE_NUM,MENU_NAME,MENU_PRICE,MENU_CONTENT) values (1853201145,'볶음김치 유부 4P',4500,'새콤달콤한 볶음김치가 들어간 유부');
Insert into BD.MENUS (STORE_NUM,MENU_NAME,MENU_PRICE,MENU_CONTENT) values (1853201145,'땡초유부 4P',4500,'청양고추다데기가 들어가 매콤함을 더해주는 네모유부만의 특색있는 유부');
Insert into BD.MENUS (STORE_NUM,MENU_NAME,MENU_PRICE,MENU_CONTENT) values (3371901669,'히야시카모(냉우동)',12500,null);
Insert into BD.MENUS (STORE_NUM,MENU_NAME,MENU_PRICE,MENU_CONTENT) values (3371901669,'부타마제우동 (훈제삼겹)',12500,'마제우동에 아부리한 훈제삼겹을 올려드립니다.');
Insert into BD.MENUS (STORE_NUM,MENU_NAME,MENU_PRICE,MENU_CONTENT) values (3371901669,'니꾸우동(차돌박이)',12000,'차돌박이를 맛간장에 졸인 후 아부리하여 우동에 올려드립니다.');
Insert into BD.MENUS (STORE_NUM,MENU_NAME,MENU_PRICE,MENU_CONTENT) values (3371901669,'오야꼬(닭다리+계란) 우동',12000,'부모와 자식이라는 뜻으로 국내산 닭다리살과 계란을 풀어 올려드립니다.');

Insert into BD.CUSTOMERS (ID,PASSWORD,NAME,PHONE_NUMBER,ADDR,NICKNAME,POINT,GRADE) values ('joha','joha','조하영',11231124,'대구 중구','조하2',5,4);
Insert into BD.CUSTOMERS (ID,PASSWORD,NAME,PHONE_NUMBER,ADDR,NICKNAME,POINT,GRADE) values ('yj','yj','구연정',11991199,'대구 수성구','낄낄',5,4);
Insert into BD.CUSTOMERS (ID,PASSWORD,NAME,PHONE_NUMBER,ADDR,NICKNAME,POINT,GRADE) values ('sek','sek','신은경',12341234,'대구 달서구','신짬뽕',7,4);
Insert into BD.CUSTOMERS (ID,PASSWORD,NAME,PHONE_NUMBER,ADDR,NICKNAME,POINT,GRADE) values ('dmskk','dmskk','최은경',63190196,'대구 남구','우하하',30,3);

Insert into BD.ORDERS (ORDER_DATE,CUSTOMER_ID,STORE_NUM,ORDER_MENU,ORDER_PRICE,PAY,DELIVERY_STATUS,STORE_NAME) values (to_timestamp('22/05/03 12:27:01.000000000','RR/MM/DD HH24:MI:SSXFF'),'dmskk',5219800163,'우럭, 물회(밥제외), 멍게, ',50000,2,3,'서민회도매');
Insert into BD.ORDERS (ORDER_DATE,CUSTOMER_ID,STORE_NUM,ORDER_MENU,ORDER_PRICE,PAY,DELIVERY_STATUS,STORE_NAME) values (to_timestamp('22/05/07 01:59:24.000000000','RR/MM/DD HH24:MI:SSXFF'),'dmskk',8077900367,'크림카레스파게티, 수제생안심돈까스, 수제생등심돈까스, ',30400,1,3,'햐쿠 수제돈까스&파스타');
Insert into BD.ORDERS (ORDER_DATE,CUSTOMER_ID,STORE_NUM,ORDER_MENU,ORDER_PRICE,PAY,DELIVERY_STATUS,STORE_NAME) values (to_timestamp('22/05/16 17:48:42.000000000','RR/MM/DD HH24:MI:SSXFF'),'dmskk',7480702190,'산오징어회, 완도산 명품 대광어, ',52000,1,3,'강선장 산오징어&활어회&물회');
Insert into BD.ORDERS (ORDER_DATE,CUSTOMER_ID,STORE_NUM,ORDER_MENU,ORDER_PRICE,PAY,DELIVERY_STATUS,STORE_NAME) values (to_timestamp('22/05/17 12:01:29.000000000','RR/MM/DD HH24:MI:SSXFF'),'dmskk',1082593994,'얼리지않은 생염통꼬치, 10알주는 타코야끼, 육회비빔밥(수제소스), ',27300,1,3,'별이빛나는 연어육회');
Insert into BD.ORDERS (ORDER_DATE,CUSTOMER_ID,STORE_NUM,ORDER_MENU,ORDER_PRICE,PAY,DELIVERY_STATUS,STORE_NAME) values (to_timestamp('22/05/21 02:00:47.000000000','RR/MM/DD HH24:MI:SSXFF'),'dmskk',1082593994,'국내산 生냉장육회, 10알주는 타코야끼, ',20400,1,3,'별이빛나는 연어육회');
Insert into BD.ORDERS (ORDER_DATE,CUSTOMER_ID,STORE_NUM,ORDER_MENU,ORDER_PRICE,PAY,DELIVERY_STATUS,STORE_NAME) values (to_timestamp('22/05/29 15:11:32.000000000','RR/MM/DD HH24:MI:SSXFF'),'dmskk',5219800163,'모둠회, 완도산광어, 우럭, ',77000,1,3,'서민회도매');

Insert into BD.REVIEWS (REVIEW_DATE,ORDER_DATE,WRITER_ID,WRITER_NICKNAME,STAR,CONTENT,STORE_NAME,STORE_NUM) values (to_timestamp('22/05/07 03:09:41.000000000','RR/MM/DD HH24:MI:SSXFF'),to_timestamp('22/05/07 01:59:24.000000000','RR/MM/DD HH24:MI:SSXFF'),'dmskk','우하하',5,'엥 ㅠ 너무 맛있어서 사진 깜빡했어요 자주 시켜먹는데 최고에오','햐쿠 수제돈까스&파스타',8077900367);
Insert into BD.REVIEWS (REVIEW_DATE,ORDER_DATE,WRITER_ID,WRITER_NICKNAME,STAR,CONTENT,STORE_NAME,STORE_NUM) values (to_timestamp('22/05/22 08:10:32.000000000','RR/MM/DD HH24:MI:SSXFF'),to_timestamp('22/05/21 02:00:47.000000000','RR/MM/DD HH24:MI:SSXFF'),'dmskk','우하하',5,'배달도 짱빠르고 요청사항도 잘 들어주세용 떡볶이가 조금 딱딱해서 아쉽긴하지만 맛있고 연어육회는 말할것두 없어요!! 냠냠','별이빛나는 연어육회',1082593994);
Insert into BD.REVIEWS (REVIEW_DATE,ORDER_DATE,WRITER_ID,WRITER_NICKNAME,STAR,CONTENT,STORE_NAME,STORE_NUM) values (to_timestamp('22/05/19 02:11:22.000000000','RR/MM/DD HH24:MI:SSXFF'),to_timestamp('22/05/16 17:48:42.000000000','RR/MM/DD HH24:MI:SSXFF'),'dmskk','우하하',5,'?맛있게 잘 먹었습니다?','강선장 산오징어&활어회&물회',7480702190);
Insert into BD.REVIEWS (REVIEW_DATE,ORDER_DATE,WRITER_ID,WRITER_NICKNAME,STAR,CONTENT,STORE_NAME,STORE_NUM) values (to_timestamp('22/05/17 15:11:52.000000000','RR/MM/DD HH24:MI:SSXFF'),to_timestamp('22/05/17 12:01:29.000000000','RR/MM/DD HH24:MI:SSXFF'),'dmskk','우하하',5,'대존맛 ㅠㅠ 담에도 시켜먹을래요','별이빛나는 연어육회',1082593994);

COMMIT;

SET DEFINE ON;